GISJOIN,YEAR,STUSAB,REGIONA,DIVISIONA,STATE,STATEA,COUNTY,COUNTYA,COUSUBA,PLACEA,TRACTA,CONCITA,AIANHHA,RES_ONLYA,TRUSTA,AIHHTLI,AITSCEA,ANRCA,CBSAA,CSAA,METDIVA,NECTAA,CNECTAA,NECTADIVA,UAA,CDCURRA,SLDUA,SLDLA,ZCTA5A,SUBMCDA,SDELMA,SDSECA,SDUNIA,PCI,PUMAA,GEOID,BTTRA,NAME_E,ABZEE001,ABZEE002,ABZEE003,ABZEE004,ABZEE005,ABZEE006,ABZEE007,ABZEE008,ABZEE009,ABZEE010,ABZEE011,ABZEE012,ABZEE013,ABZEE014,ABZEE015,ABZEE016,ABZEE017,ABZEE018,ABZEE019,ABZEE020,ABZEE021,NAME_M,ABZEM001,ABZEM002,ABZEM003,ABZEM004,ABZEM005,ABZEM006,ABZEM007,ABZEM008,ABZEM009,ABZEM010,ABZEM011,ABZEM012,ABZEM013,ABZEM014,ABZEM015,ABZEM016,ABZEM017,ABZEM018,ABZEM019,ABZEM020,ABZEM021
"G1100010","2010-2014","DC",,,"District of Columbia","11","District of Columbia","001",,,,,,,,,,,,,,,,,,,,,,,,,,,,"05000US11001",,"District of Columbia, District of Columbia",267415,111198,79288,898,26757,3287,0,26,94,403,445,156217,78801,1599,69437,3269,44,0,33,954,2080,"District of Columbia, District of Columbia",1579,1568,1145,165,1020,335,29,23,57,119,169,1852,1670,231,1472,345,35,29,33,197,268
"G2400010","2010-2014","MD",,,"Maryland","24","Allegany County","001",,,,,,,,,,,,,,,,,,,,,,,,,,,,"05000US24001",,"Allegany County, Maryland",28490,19769,9595,633,4076,2938,573,1735,9,147,63,8721,3964,96,3737,599,89,118,0,72,46,"Allegany County, Maryland",530,513,475,144,364,290,125,231,13,76,47,536,387,41,315,111,47,61,28,48,29
"G2400030","2010-2014","MD",,,"Maryland","24","Anne Arundel County","003",,,,,,,,,,,,,,,,,,,,,,,,,,,,"05000US24003",,"Anne Arundel County, Maryland",201429,149541,52994,4586,65840,22881,8,2290,29,682,231,51888,18521,715,28632,3497,0,138,0,107,278,"Anne Arundel County, Maryland",993,1534,1382,446,1370,858,13,294,34,205,115,1311,917,193,1089,499,28,93,28,89,106
"G2400050","2010-2014","MD",,,"Maryland","24","Baltimore County","005",,,,,,,,,,,,,,,,,,,,,,,,,,,,"05000US24005",,"Baltimore County, Maryland",313408,207603,116297,4610,56950,26329,130,1829,34,1006,418,105805,52955,814,46654,4117,94,184,37,425,525,"Baltimore County, Maryland",1559,1988,1717,359,1267,759,75,229,37,215,125,1561,1403,150,1436,460,99,92,31,133,132
"G2400090","2010-2014","MD",,,"Maryland","24","Calvert County","009",,,,,,,,,,,,,,,,,,,,,,,,,,,,"05000US24009",,"Calvert County, Maryland",31041,25209,742,2030,17190,3869,0,1076,10,205,87,5832,471,211,4361,630,0,120,0,15,24,"Calvert County, Maryland",421,548,142,298,606,361,28,225,17,119,55,448,107,109,466,154,28,103,28,24,25
"G2400110","2010-2014","MD",,,"Maryland","24","Caroline County","011",,,,,,,,,,,,,,,,,,,,,,,,,,,,"05000US24011",,"Caroline County, Maryland",11842,8383,269,1648,3361,2336,0,588,0,133,48,3459,51,532,2019,686,0,139,0,0,32,"Caroline County, Maryland",303,258,95,214,245,243,25,126,25,70,32,273,38,127,242,159,25,70,25,25,24
"G2400130","2010-2014","MD",,,"Maryland","24","Carroll County","013",,,,,,,,,,,,,,,,,,,,,,,,,,,,"05000US24013",,"Carroll County, Maryland",59907,49398,10297,2606,21162,12458,107,2376,0,267,125,10509,1383,319,6482,1900,53,246,5,59,62,"Carroll County, Maryland",487,565,437,319,692,594,63,283,28,101,59,551,234,138,392,302,38,117,11,43,40
"G2400150","2010-2014","MD",,,"Maryland","24","Cecil County","015",,,,,,,,,,,,,,,,,,,,,,,,,,,,"05000US24015",,"Cecil County, Maryland",36453,26693,3902,5469,7853,7778,39,1219,12,345,76,9760,2157,663,4982,1729,8,87,0,70,64,"Cecil County, Maryland",507,637,377,451,493,556,31,213,18,127,77,620,353,194,414,268,13,67,28,61,43
"G2400170","2010-2014","MD",,,"Maryland","24","Charles County","017",,,,,,,,,,,,,,,,,,,,,,,,,,,,"05000US24017",,"Charles County, Maryland",52269,40740,9387,1473,20296,8399,0,910,0,170,105,11529,1836,212,7988,1391,0,74,0,8,20,"Charles County, Maryland",551,580,480,237,698,464,28,173,28,74,61,558,316,97,477,273,28,47,28,13,24
"G2400190","2010-2014","MD",,,"Maryland","24","Dorchester County","019",,,,,,,,,,,,,,,,,,,,,,,,,,,,"05000US24019",,"Dorchester County, Maryland",13419,8836,848,1098,3724,2645,7,357,0,133,24,4583,848,212,2868,595,0,10,0,0,50,"Dorchester County, Maryland",333,291,160,152,293,258,8,93,25,57,30,302,153,88,280,169,25,15,25,25,38
"G2400210","2010-2014","MD",,,"Maryland","24","Frederick County","021",,,,,,,,,,,,,,,,,,,,,,,,,,,,"05000US24021",,"Frederick County, Maryland",87259,64897,21450,2630,28814,8975,104,2436,56,257,175,22362,5527,411,14121,1782,0,356,0,49,116,"Frederick County, Maryland",599,822,678,291,907,409,53,283,43,101,70,895,478,130,738,237,28,135,28,39,68
"G2400230","2010-2014","MD",,,"Maryland","24","Garrett County","023",,,,,,,,,,,,,,,,,,,,,,,,,,,,"05000US24023",,"Garrett County, Maryland",11851,8984,1261,1127,1912,2392,642,1537,0,90,23,2867,473,141,1098,779,79,248,0,39,10,"Garrett County, Maryland",408,318,155,156,228,241,121,184,22,47,24,331,102,68,176,174,53,110,22,33,16
"G2400250","2010-2014","MD",,,"Maryland","24","Harford County","025",,,,,,,,,,,,,,,,,,,,,,,,,,,,"05000US24025",,"Harford County, Maryland",91037,72008,27830,3809,25569,12059,111,1551,42,819,218,19029,5868,496,10624,1669,26,158,19,85,84,"Harford County, Maryland",709,949,799,343,887,640,66,223,37,196,125,815,500,144,715,275,30,68,29,79,48
"G2400270","2010-2014","MD",,,"Maryland","24","Howard County","027",,,,,,,,,,,,,,,,,,,,,,,,,,,,"05000US24027",,"Howard County, Maryland",107516,78764,35587,2114,33269,6736,0,596,38,274,150,28752,9626,167,18115,681,0,43,0,20,100,"Howard County, Maryland",690,1082,1004,255,897,477,28,132,37,102,71,906,715,82,748,225,28,58,28,23,66
"G2400290","2010-2014","MD",,,"Maryland","24","Kent County","029",,,,,,,,,,,,,,,,,,,,,,,,,,,,"05000US24029",,"Kent County, Maryland",7448,5383,150,1183,2377,1303,9,234,0,109,18,2065,64,214,1233,506,0,41,0,0,7,"Kent County, Maryland",326,238,80,154,226,153,12,69,19,74,26,247,51,107,216,134,19,36,19,19,11
"G2400310","2010-2014","MD",,,"Maryland","24","Montgomery County","031",,,,,,,,,,,,,,,,,,,,,,,,,,,,"05000US24031",,"Montgomery County, Maryland",362608,241626,150982,2933,74667,11560,0,639,84,426,335,120982,54359,1287,62413,1797,16,105,35,340,630,"Montgomery County, Maryland",1264,1799,1732,313,1453,522,28,131,49,116,104,1618,1473,219,1381,294,27,57,33,105,146
"G2400330","2010-2014","MD",,,"Maryland","24","Prince George's County","033",,,,,,,,,,,,,,,,,,,,,,,,,,,,"05000US24033",,"Prince George's County, Maryland",305115,189940,114584,2348,58093,13139,78,785,73,544,296,115175,59456,812,51125,2510,7,110,29,380,746,"Prince George's County, Maryland",1317,1733,1564,292,1189,658,64,149,50,159,96,1509,1518,173,1454,374,10,80,45,113,154
"G2400350","2010-2014","MD",,,"Maryland","24","Queen Anne's County","035",,,,,,,,,,,,,,,,,,,,,,,,,,,,"05000US24035",,"Queen Anne's County, Maryland",17354,14684,414,2183,8570,2535,9,745,0,151,77,2670,47,277,1855,413,0,55,0,18,5,"Queen Anne's County, Maryland",370,366,100,221,357,257,13,151,25,71,57,281,31,93,263,131,25,44,25,21,10
"G2400370","2010-2014","MD",,,"Maryland","24","St. Mary's County","037",,,,,,,,,,,,,,,,,,,,,,,,,,,,"05000US24037",,"St. Mary's County, Maryland",37947,27535,2338,2481,13304,7481,31,1452,0,223,225,10412,1571,412,6619,1455,11,271,0,21,52,"St. Mary's County, Maryland",596,665,303,346,572,582,33,257,28,111,103,637,251,148,502,320,17,109,28,37,37
"G2400390","2010-2014","MD",,,"Maryland","24","Somerset County","039",,,,,,,,,,,,,,,,,,,,,,,,,,,,"05000US24039",,"Somerset County, Maryland",8498,5492,138,1435,2161,1356,3,264,0,128,7,3006,128,393,2116,306,0,54,0,9,0,"Somerset County, Maryland",766,474,77,228,317,197,6,94,22,66,12,458,64,161,374,116,22,40,22,23,22
"G2400410","2010-2014","MD",,,"Maryland","24","Talbot County","041",,,,,,,,,,,,,,,,,,,,,,,,,,,,"05000US24041",,"Talbot County, Maryland",16140,11302,2132,1512,5206,1999,0,312,18,86,37,4838,654,244,3288,521,0,116,0,2,13,"Talbot County, Maryland",344,382,204,208,324,272,25,78,16,48,32,411,218,87,343,150,25,74,25,4,13
"G2400430","2010-2014","MD",,,"Maryland","24","Washington County","043",,,,,,,,,,,,,,,,,,,,,,,,,,,,"05000US24043",,"Washington County, Maryland",55769,35929,7367,2184,13993,10027,17,2022,28,182,109,19840,4150,432,12192,2457,12,288,0,94,215,"Washington County, Maryland",515,794,463,244,611,525,19,237,45,70,54,892,393,140,841,393,15,97,28,61,86
"G2400450","2010-2014","MD",,,"Maryland","24","Wicomico County","045",,,,,,,,,,,,,,,,,,,,,,,,,,,,"05000US24045",,"Wicomico County, Maryland",36479,23019,4018,3390,10964,3585,10,796,18,197,41,13460,3560,990,7878,860,0,50,0,67,55,"Wicomico County, Maryland",583,628,356,366,559,395,14,178,20,90,39,717,447,199,691,223,28,39,28,49,37
"G2400470","2010-2014","MD",,,"Maryland","24","Worcester County","047",,,,,,,,,,,,,,,,,,,,,,,,,,,,"05000US24047",,"Worcester County, Maryland",20492,15738,2908,2181,8218,1695,9,503,0,154,70,4754,415,688,3010,513,0,128,0,0,0,"Worcester County, Maryland",614,526,313,275,459,252,16,148,28,79,51,501,127,224,327,155,28,100,28,28,28
"G2405100","2010-2014","MD",,,"Maryland","24","Baltimore city","510",,,,,,,,,,,,,,,,,,,,,,,,,,,,"05000US24510",,"Baltimore city, Maryland",242212,114407,83392,802,17302,12014,51,210,7,239,390,127805,73295,1100,47029,4330,0,12,41,856,1142,"Baltimore city, Maryland",1466,1565,1399,161,830,674,38,79,12,94,103,1822,1676,202,1347,428,28,19,33,159,204
"G5100010","2010-2014","VA",,,"Virginia","51","Accomack County","001",,,,,,,,,,,,,,,,,,,,,,,,,,,,"05000US51001",,"Accomack County, Virginia",14289,10053,199,2813,4113,2510,0,370,0,24,24,4236,66,810,2160,1073,22,90,0,2,13,"Accomack County, Virginia",610,415,89,318,323,324,25,146,25,26,26,538,56,209,351,260,30,98,25,3,16
"G5100030","2010-2014","VA",,,"Virginia","51","Albemarle County","003",,,,,,,,,,,,,,,,,,,,,,,,,,,,"05000US51003",,"Albemarle County, Virginia",38537,25135,3388,3091,15393,2025,0,1097,10,114,17,13402,2322,424,9513,559,5,474,0,7,98,"Albemarle County, Virginia",669,590,363,315,557,267,28,180,16,67,18,644,376,128,681,203,8,158,28,14,83
"G5100050","2010-2014","VA",,,"Virginia","51","Alleghany County","005",,,,,,,,,,,,,,,,,,,,,,,,,,,,"05000US51005",,"Alleghany County, Virginia",6714,5337,1134,278,2169,841,8,887,0,13,7,1377,131,32,813,248,0,131,0,22,0,"Alleghany County, Virginia",216,224,153,84,191,144,10,140,19,19,11,187,66,34,162,94,19,61,19,32,19
"G5100070","2010-2014","VA",,,"Virginia","51","Amelia County","007",,,,,,,,,,,,,,,,,,,,,,,,,,,,"05000US51007",,"Amelia County, Virginia",4761,3886,49,563,2550,349,0,350,0,0,25,875,0,146,413,116,0,188,0,12,0,"Amelia County, Virginia",203,267,45,161,252,123,19,133,19,19,34,208,19,111,165,76,19,92,19,20,19
"G5100090","2010-2014","VA",,,"Virginia","51","Amherst County","009",,,,,,,,,,,,,,,,,,,,,,,,,,,,"05000US51009",,"Amherst County, Virginia",12577,9373,128,360,7340,807,0,671,0,61,6,3204,50,142,2445,306,0,195,0,54,12,"Amherst County, Virginia",281,284,56,94,301,167,25,127,25,70,10,339,45,76,278,122,25,79,25,58,17
"G5100110","2010-2014","VA",,,"Virginia","51","Appomattox County","011",,,,,,,,,,,,,,,,,,,,,,,,,,,,"05000US51011",,"Appomattox County, Virginia",5964,4839,57,408,3224,439,0,670,0,6,35,1125,0,17,793,105,0,202,0,8,0,"Appomattox County, Virginia",217,236,50,119,245,118,19,144,19,13,34,179,19,20,163,54,19,73,19,13,19
"G5100130","2010-2014","VA",,,"Virginia","51","Arlington County","013",,,,,,,,,,,,,,,,,,,,,,,,,,,,"05000US51013",,"Arlington County, Virginia",96264,43157,26364,364,15200,786,31,63,10,218,121,53107,22028,871,28654,787,0,28,0,380,359,"Arlington County, Virginia",1133,873,726,122,713,188,30,42,11,93,60,1266,1038,238,1083,192,28,35,28,133,121
"G5100150","2010-2014","VA",,,"Virginia","51","Augusta County","015",,,,,,,,,,,,,,,,,,,,,,,,,,,,"05000US51015",,"Augusta County, Virginia",28124,22813,2826,4421,9296,3264,19,2729,0,176,82,5311,873,519,2613,682,49,516,6,53,0,"Augusta County, Virginia",502,530,308,380,557,343,29,309,28,75,52,462,211,182,351,228,68,171,8,64,28
"G5100170","2010-2014","VA",,,"Virginia","51","Bath County","017",,,,,,,,,,,,,,,,,,,,,,,,,,,,"05000US51017",,"Bath County, Virginia",2225,1674,0,358,277,542,0,481,0,16,0,551,12,112,220,112,0,48,0,47,0,"Bath County, Virginia",158,183,12,117,137,163,12,167,12,24,12,155,19,80,125,86,12,53,12,73,12
"G5100190","2010-2014","VA",,,"Virginia","51","Bedford County","019",,,,,,,,,,,,,,,,,,,,,,,,,,,,"05000US51019",,"Bedford County, Virginia",30122,24628,345,1559,18984,2078,0,1554,28,41,39,5494,72,78,4353,601,0,270,0,76,44,"Bedford County, Virginia",535,479,112,226,517,317,28,226,29,40,33,530,48,51,507,191,28,132,28,81,56
"G5100210","2010-2014","VA",,,"Virginia","51","Bland County","021",,,,,,,,,,,,,,,,,,,,,,,,,,,,"05000US51021",,"Bland County, Virginia",2591,2078,49,162,1058,293,21,473,0,22,0,513,0,0,354,30,0,129,0,0,0,"Bland County, Virginia",198,179,46,79,151,89,24,110,17,32,17,134,17,17,105,37,17,81,17,17,17
"G5100230","2010-2014","VA",,,"Virginia","51","Botetourt County","023",,,,,,,,,,,,,,,,,,,,,,,,,,,,"05000US51023",,"Botetourt County, Virginia",12867,11366,2306,957,6293,993,0,798,5,14,0,1501,135,92,951,181,0,137,0,5,0,"Botetourt County, Virginia",233,286,267,181,372,238,25,138,8,22,25,239,59,51,201,74,25,68,25,9,25
"G5100250","2010-2014","VA",,,"Virginia","51","Brunswick County","025",,,,,,,,,,,,,,,,,,,,,,,,,,,,"05000US51025",,"Brunswick County, Virginia",5865,4335,160,1070,2250,467,0,339,0,49,0,1530,52,112,1024,227,0,113,0,0,2,"Brunswick County, Virginia",347,261,62,193,227,140,19,117,19,59,19,253,43,48,229,98,19,75,19,19,4
"G5100270","2010-2014","VA",,,"Virginia","51","Buchanan County","027",,,,,,,,,,,,,,,,,,,,,,,,,,,,"05000US51027",,"Buchanan County, Virginia",9406,7576,137,593,5721,556,244,287,0,8,30,1830,9,57,1357,116,196,95,0,0,0,"Buchanan County, Virginia",302,276,61,169,311,133,90,93,22,12,30,289,15,36,227,62,110,55,22,22,22
"G5100290","2010-2014","VA",,,"Virginia","51","Buckingham County","029",,,,,,,,,,,,,,,,,,,,,,,,,,,,"05000US51029",,"Buckingham County, Virginia",5802,4431,58,920,2391,475,0,587,0,0,0,1371,39,244,737,124,0,225,0,0,2,"Buckingham County, Virginia",317,273,43,215,214,155,19,135,19,19,19,230,34,114,159,96,19,102,19,19,3
"G5100310","2010-2014","VA",,,"Virginia","51","Campbell County","031",,,,,,,,,,,,,,,,,,,,,,,,,,,,"05000US51031",,"Campbell County, Virginia",21728,16761,301,1025,12831,1562,20,963,0,16,43,4967,178,182,4055,312,0,179,0,0,61,"Campbell County, Virginia",381,453,96,186,484,247,23,178,28,20,34,395,89,64,389,98,28,83,28,28,48
"G5100330","2010-2014","VA",,,"Virginia","51","Caroline County","033",,,,,,,,,,,,,,,,,,,,,,,,,,,,"05000US51033",,"Caroline County, Virginia",10728,8737,327,925,6131,923,0,330,0,47,54,1991,72,44,1472,191,8,199,0,0,5,"Caroline County, Virginia",315,352,83,226,364,173,22,119,22,46,67,264,44,32,214,71,15,110,22,22,9
"G5100350","2010-2014","VA",,,"Virginia","51","Carroll County","035",,,,,,,,,,,,,,,,,,,,,,,,,,,,"05000US51035",,"Carroll County, Virginia",12508,9846,58,475,5537,2005,0,1703,0,37,31,2662,80,183,1641,438,0,320,0,0,0,"Carroll County, Virginia",376,367,43,140,364,284,22,277,22,30,29,363,67,108,296,143,22,154,22,22,22
"G5100360","2010-2014","VA",,,"Virginia","51","Charles City County","036",,,,,,,,,,,,,,,,,,,,,,,,,,,,"05000US51036",,"Charles City County, Virginia",2832,2279,16,182,1596,313,2,148,0,14,8,553,36,34,385,58,0,40,0,0,0,"Charles City County, Virginia",106,126,14,42,125,67,3,40,17,13,8,89,27,17,75,22,17,22,17,17,17
"G5100370","2010-2014","VA",,,"Virginia","51","Charlotte County","037",,,,,,,,,,,,,,,,,,,,,,,,,,,,"05000US51037",,"Charlotte County, Virginia",4691,3416,14,857,1518,531,0,482,0,14,0,1275,7,168,694,190,0,208,0,8,0,"Charlotte County, Virginia",245,233,15,156,167,130,19,122,19,19,19,195,7,81,126,71,19,108,19,14,19
"G5100410","2010-2014","VA",,,"Virginia","51","Chesterfield County","041",,,,,,,,,,,,,,,,,,,,,,,,,,,,"05000US51041",,"Chesterfield County, Virginia",115005,88056,26219,1814,54097,4822,0,805,24,39,236,26949,4475,265,21203,744,0,152,0,18,92,"Chesterfield County, Virginia",782,873,824,231,1059,359,28,182,28,36,75,907,401,138,929,182,28,103,28,21,49
"G5100430","2010-2014","VA",,,"Virginia","51","Clarke County","043",,,,,,,,,,,,,,,,,,,,,,,,,,,,"05000US51043",,"Clarke County, Virginia",5619,4275,561,724,1764,722,0,463,0,35,6,1344,158,72,721,264,0,129,0,0,0,"Clarke County, Virginia",167,248,154,164,224,146,19,124,19,32,10,242,96,54,198,143,19,86,19,19,19
"G5100450","2010-2014","VA",,,"Virginia","51","Craig County","045",,,,,,,,,,,,,,,,,,,,,,,,,,,,"05000US51045",,"Craig County, Virginia",2151,1733,38,132,557,292,0,667,32,15,0,418,7,16,243,106,0,39,0,7,0,"Craig County, Virginia",167,194,43,71,130,137,17,171,42,22,17,130,15,25,102,81,17,42,17,11,17
"G5100470","2010-2014","VA",,,"Virginia","51","Culpeper County","047",,,,,,,,,,,,,,,,,,,,,,,,,,,,"05000US51047",,"Culpeper County, Virginia",16436,12039,2822,2435,4816,828,0,1072,0,46,20,4397,1388,212,2355,224,0,179,0,23,16,"Culpeper County, Virginia",352,410,272,296,414,178,25,227,25,40,29,359,261,97,312,100,25,89,25,28,33
"G5100490","2010-2014","VA",,,"Virginia","51","Cumberland County","049",,,,,,,,,,,,,,,,,,,,,,,,,,,,"05000US51049",,"Cumberland County, Virginia",4038,3070,10,347,2055,312,0,324,0,0,22,968,42,70,558,216,0,82,0,0,0,"Cumberland County, Virginia",178,192,15,142,223,121,17,94,17,17,26,196,53,54,145,94,17,67,17,17,17
"G5100510","2010-2014","VA",,,"Virginia","51","Dickenson County","051",,,,,,,,,,,,,,,,,,,,,,,,,,,,"05000US51051",,"Dickenson County, Virginia",6200,4836,72,195,4019,249,116,182,0,3,0,1364,0,49,1002,131,11,171,0,0,0,"Dickenson County, Virginia",253,230,41,76,248,76,93,67,19,6,19,189,19,41,155,64,13,92,19,19,19
"G5100530","2010-2014","VA",,,"Virginia","51","Dinwiddie County","053",,,,,,,,,,,,,,,,,,,,,,,,,,,,"05000US51053",,"Dinwiddie County, Virginia",9956,7467,264,973,5236,685,0,271,0,4,34,2489,121,111,1955,169,0,111,0,0,22,"Dinwiddie County, Virginia",281,337,111,231,370,143,22,109,22,7,31,329,77,84,326,81,22,68,22,22,31
"G5100570","2010-2014","VA",,,"Virginia","51","Essex County","057",,,,,,,,,,,,,,,,,,,,,,,,,,,,"05000US51057",,"Essex County, Virginia",4288,3184,12,406,1958,488,0,300,0,14,6,1104,18,29,875,137,0,45,0,0,0,"Essex County, Virginia",168,185,15,122,187,142,19,91,19,17,8,159,22,27,151,69,19,42,19,19,19
"G5100590","2010-2014","VA",,,"Virginia","51","Fairfax County","059",,,,,,,,,,,,,,,,,,,,,,,,,,,,"05000US51059",,"Fairfax County, Virginia",391794,267156,168592,3561,86289,7444,23,577,27,257,386,124638,56869,1420,64073,1287,7,222,11,261,488,"Fairfax County, Virginia",1231,2036,1972,328,1515,476,27,136,24,100,116,1889,1590,238,1813,237,9,100,18,100,149
"G5100610","2010-2014","VA",,,"Virginia","51","Fauquier County","061",,,,,,,,,,,,,,,,,,,,,,,,,,,,"05000US51061",,"Fauquier County, Virginia",23162,18417,3721,3833,8015,1769,16,934,0,115,14,4745,558,483,2998,500,0,184,21,1,0,"Fauquier County, Virginia",443,422,294,318,386,262,24,170,28,54,22,429,138,119,359,150,28,83,33,3,28
"G5100630","2010-2014","VA",,,"Virginia","51","Floyd County","063",,,,,,,,,,,,,,,,,,,,,,,,,,,,"05000US51063",,"Floyd County, Virginia",6086,4791,114,460,2429,424,49,1276,7,21,11,1295,26,113,806,129,0,218,0,0,3,"Floyd County, Virginia",305,293,70,130,249,145,77,211,11,31,17,209,28,94,172,94,19,99,19,19,5
"G5100650","2010-2014","VA",,,"Virginia","51","Fluvanna County","065",,,,,,,,,,,,,,,,,,,,,,,,,,,,"05000US51065",,"Fluvanna County, Virginia",9787,8150,158,874,5956,419,4,653,0,28,58,1637,0,238,1139,138,0,122,0,0,0,"Fluvanna County, Virginia",287,358,93,191,397,149,8,158,22,29,56,313,22,139,271,111,22,72,22,22,22
"G5100670","2010-2014","VA",,,"Virginia","51","Franklin County","067",,,,,,,,,,,,,,,,,,,,,,,,,,,,"05000US51067",,"Franklin County, Virginia",23248,18072,298,2119,12314,1503,18,1729,0,58,33,5176,16,476,3973,441,0,249,0,7,14,"Franklin County, Virginia",512,528,102,328,573,276,29,265,28,49,41,506,27,210,465,159,28,111,28,13,23
"G5100690","2010-2014","VA",,,"Virginia","51","Frederick County","069",,,,,,,,,,,,,,,,,,,,,,,,,,,,"05000US51069",,"Frederick County, Virginia",29184,22682,6589,2205,10049,1497,9,1984,10,285,54,6502,1750,213,3583,587,9,299,2,46,13,"Frederick County, Virginia",468,580,437,230,534,211,14,328,15,114,48,512,310,105,436,166,14,123,10,40,21
"G5100710","2010-2014","VA",,,"Virginia","51","Giles County","071",,,,,,,,,,,,,,,,,,,,,,,,,,,,"05000US51071",,"Giles County, Virginia",7253,5482,604,330,3106,637,0,767,0,38,0,1771,133,56,1112,202,0,251,0,0,17,"Giles County, Virginia",250,244,134,101,241,132,19,138,19,33,19,218,63,46,189,95,19,111,19,19,24
"G5100730","2010-2014","VA",,,"Virginia","51","Gloucester County","073",,,,,,,,,,,,,,,,,,,,,,,,,,,,"05000US51073",,"Gloucester County, Virginia",14074,11377,258,1381,8588,642,0,436,0,25,47,2697,65,168,2261,96,0,55,0,0,52,"Gloucester County, Virginia",340,437,129,235,402,204,25,137,25,32,32,365,54,91,357,69,25,43,25,25,54
"G5100750","2010-2014","VA",,,"Virginia","51","Goochland County","075",,,,,,,,,,,,,,,,,,,,,,,,,,,,"05000US51075",,"Goochland County, Virginia",8212,7194,561,684,5149,386,0,324,0,25,65,1018,44,94,649,157,0,74,0,0,0,"Goochland County, Virginia",247,266,118,142,311,95,22,92,22,25,48,200,57,66,145,96,22,54,22,22,22
"G5100770","2010-2014","VA",,,"Virginia","51","Grayson County","077",,,,,,,,,,,,,,,,,,,,,,,,,,,,"05000US51077",,"Grayson County, Virginia",6686,5079,40,449,2226,1488,0,842,0,10,24,1607,10,53,879,393,0,261,0,0,11,"Grayson County, Virginia",263,269,37,107,238,192,19,139,19,16,22,205,11,41,196,97,19,80,19,19,15
"G5100790","2010-2014","VA",,,"Virginia","51","Greene County","079",,,,,,,,,,,,,,,,,,,,,,,,,,,,"05000US51079",,"Greene County, Virginia",6965,5353,75,661,3923,161,0,510,0,0,23,1612,50,246,1064,170,0,82,0,0,0,"Greene County, Virginia",239,296,44,171,307,76,19,149,19,19,33,250,32,131,206,73,19,74,19,19,19
"G5100810","2010-2014","VA",,,"Virginia","51","Greensville County","081",,,,,,,,,,,,,,,,,,,,,,,,,,,,"05000US51081",,"Greensville County, Virginia",3397,2482,14,755,1363,259,0,91,0,0,0,915,3,136,617,77,0,72,0,0,10,"Greensville County, Virginia",620,482,16,197,368,92,19,52,19,19,19,206,6,68,169,50,19,60,19,19,18
"G5100830","2010-2014","VA",,,"Virginia","51","Halifax County","083",,,,,,,,,,,,,,,,,,,,,,,,,,,,"05000US51083",,"Halifax County, Virginia",14472,10574,151,1854,5584,1799,7,1043,31,60,45,3898,58,640,2295,619,0,268,0,0,18,"Halifax County, Virginia",375,358,59,230,362,238,13,192,35,41,31,385,39,165,299,170,25,111,25,25,22
"G5100850","2010-2014","VA",,,"Virginia","51","Hanover County","085",,,,,,,,,,,,,,,,,,,,,,,,,,,,"05000US51085",,"Hanover County, Virginia",37041,30490,5771,1320,19662,2710,0,766,20,102,139,6551,540,245,4881,485,0,221,0,24,155,"Hanover County, Virginia",383,556,425,228,582,264,28,149,22,56,61,561,175,105,453,156,28,95,28,26,122
"G5100870","2010-2014","VA",,,"Virginia","51","Henrico County","087",,,,,,,,,,,,,,,,,,,,,,,,,,,,"05000US51087",,"Henrico County, Virginia",123821,79065,32258,1004,38736,6371,9,505,0,96,86,44756,14354,355,28517,1327,0,65,0,57,81,"Henrico County, Virginia",1010,1115,848,197,1035,420,15,133,28,54,41,1293,797,108,1082,264,28,50,28,42,66
"G5100890","2010-2014","VA",,,"Virginia","51","Henry County","089",,,,,,,,,,,,,,,,,,,,,,,,,,,,"05000US51089",,"Henry County, Virginia",22472,16657,500,1226,11619,2156,0,834,0,170,152,5815,247,326,4500,543,43,143,0,0,13,"Henry County, Virginia",470,487,119,210,484,261,28,166,28,88,94,432,110,150,395,182,47,80,28,28,18
"G5100910","2010-2014","VA",,,"Virginia","51","Highland County","091",,,,,,,,,,,,,,,,,,,,,,,,,,,,"05000US51091",,"Highland County, Virginia",1067,911,15,86,240,72,0,498,0,0,0,156,0,26,37,9,0,84,0,0,0,"Highland County, Virginia",93,101,15,37,74,41,12,95,12,12,12,63,12,30,30,8,12,51,12,12,12
"G5100930","2010-2014","VA",,,"Virginia","51","Isle of Wight County","093",,,,,,,,,,,,,,,,,,,,,,,,,,,,"05000US51093",,"Isle of Wight County, Virginia",13519,10679,2713,1623,5386,618,0,210,0,57,72,2840,167,320,2102,173,0,66,0,0,12,"Isle of Wight County, Virginia",301,314,263,221,375,147,25,70,25,37,47,276,91,124,246,80,25,61,25,25,21
"G5100950","2010-2014","VA",,,"Virginia","51","James City County","095",,,,,,,,,,,,,,,,,,,,,,,,,,,,"05000US51095",,"James City County, Virginia",27665,20616,11502,468,7889,516,0,142,0,36,63,7049,1393,120,5266,163,0,73,0,13,21,"James City County, Virginia",538,484,532,126,471,135,28,96,28,37,60,530,297,94,518,80,28,87,28,21,30
"G5100970","2010-2014","VA",,,"Virginia","51","King and Queen County","097",,,,,,,,,,,,,,,,,,,,,,,,,,,,"05000US51097",,"King and Queen County, Virginia",2832,2121,45,254,1311,197,0,294,0,5,15,711,0,19,497,181,0,14,0,0,0,"King and Queen County, Virginia",157,190,39,97,177,79,17,99,17,9,18,139,17,16,108,89,17,19,17,17,17
"G5100990","2010-2014","VA",,,"Virginia","51","King George County","099",,,,,,,,,,,,,,,,,,,,,,,,,,,,"05000US51099",,"King George County, Virginia",8315,6114,118,768,4543,406,0,267,0,0,12,2201,67,63,1875,178,0,0,0,18,0,"King George County, Virginia",282,302,67,225,297,127,22,91,22,22,18,274,63,42,297,73,22,22,22,21,22
"G5101010","2010-2014","VA",,,"Virginia","51","King William County","101",,,,,,,,,,,,,,,,,,,,,,,,,,,,"05000US51101",,"King William County, Virginia",6147,5051,23,303,3929,542,0,213,0,16,25,1096,6,85,873,71,0,39,0,14,8,"King William County, Virginia",150,236,22,98,264,131,19,70,19,16,30,206,11,67,184,44,19,36,19,21,14
"G5101030","2010-2014","VA",,,"Virginia","51","Lancaster County","103",,,,,,,,,,,,,,,,,,,,,,,,,,,,"05000US51103",,"Lancaster County, Virginia",5283,3984,38,540,2312,968,0,109,2,15,0,1299,3,38,1014,164,0,66,0,0,14,"Lancaster County, Virginia",290,259,24,111,222,174,19,48,3,15,19,232,5,25,204,83,19,45,19,19,17
"G5101050","2010-2014","VA",,,"Virginia","51","Lee County","105",,,,,,,,,,,,,,,,,,,,,,,,,,,,"05000US51105",,"Lee County, Virginia",9597,6954,80,382,5272,479,148,549,0,11,33,2643,5,74,1970,285,81,205,0,20,3,"Lee County, Virginia",424,422,59,113,426,130,67,184,22,18,31,331,9,42,263,114,54,94,22,23,7
"G5101070","2010-2014","VA",,,"Virginia","51","Loudoun County","107",,,,,,,,,,,,,,,,,,,,,,,,,,,,"05000US51107",,"Loudoun County, Virginia",110047,84662,53976,6629,20480,2351,7,835,43,259,82,25385,13115,511,10975,577,0,123,16,26,42,"Loudoun County, Virginia",624,965,1027,429,730,255,10,152,38,95,55,831,679,139,644,142,28,61,25,22,43
"G5101090","2010-2014","VA",,,"Virginia","51","Louisa County","109",,,,,,,,,,,,,,,,,,,,,,,,,,,,"05000US51109",,"Louisa County, Virginia",12811,10397,203,1360,6654,828,0,1252,0,61,39,2414,60,203,1780,175,0,193,0,0,3,"Louisa County, Virginia",350,378,123,234,437,204,25,276,25,48,41,311,48,87,281,86,25,110,25,25,5
"G5101110","2010-2014","VA",,,"Virginia","51","Lunenburg County","111",,,,,,,,,,,,,,,,,,,,,,,,,,,,"05000US51111",,"Lunenburg County, Virginia",4634,3429,44,809,1467,772,2,330,0,0,5,1205,35,275,490,278,0,127,0,0,0,"Lunenburg County, Virginia",337,252,30,154,177,134,5,84,19,19,6,194,27,86,115,91,19,73,19,19,19
"G5101130","2010-2014","VA",,,"Virginia","51","Madison County","113",,,,,,,,,,,,,,,,,,,,,,,,,,,,"05000US51113",,"Madison County, Virginia",5093,3982,132,656,1758,663,38,696,0,0,39,1111,14,110,442,295,0,250,0,0,0,"Madison County, Virginia",163,209,82,167,223,185,41,190,19,19,46,207,24,73,188,113,19,118,19,19,19
"G5101150","2010-2014","VA",,,"Virginia","51","Mathews County","115",,,,,,,,,,,,,,,,,,,,,,,,,,,,"05000US51115",,"Mathews County, Virginia",3792,3082,81,312,2184,311,0,151,0,43,0,710,0,67,577,53,0,13,0,0,0,"Mathews County, Virginia",322,258,66,116,262,136,17,92,17,46,17,245,17,65,219,47,17,22,17,17,17
"G5101170","2010-2014","VA",,,"Virginia","51","Mecklenburg County","117",,,,,,,,,,,,,,,,,,,,,,,,,,,,"05000US51117",,"Mecklenburg County, Virginia",12857,9408,659,2055,4925,1170,0,562,0,17,20,3449,394,286,1781,631,0,328,9,0,20,"Mecklenburg County, Virginia",465,415,146,234,352,157,25,117,25,20,23,338,145,112,226,174,25,136,13,25,24
"G5101190","2010-2014","VA",,,"Virginia","51","Middlesex County","119",,,,,,,,,,,,,,,,,,,,,,,,,,,,"05000US51119",,"Middlesex County, Virginia",4432,3691,107,435,2468,541,0,140,0,0,0,741,7,57,531,142,0,4,0,0,0,"Middlesex County, Virginia",234,223,59,115,185,113,19,85,19,19,19,144,10,43,121,74,19,8,19,19,19
"G5101210","2010-2014","VA",,,"Virginia","51","Montgomery County","121",,,,,,,,,,,,,,,,,,,,,,,,,,,,"05000US51121",,"Montgomery County, Virginia",34803,18850,2956,685,12399,1428,12,1278,0,92,0,15953,3361,297,11142,766,44,262,0,16,65,"Montgomery County, Virginia",870,540,321,155,640,261,21,228,28,91,28,824,412,134,790,203,70,102,28,26,57
"G5101250","2010-2014","VA",,,"Virginia","51","Nelson County","125",,,,,,,,,,,,,,,,,,,,,,,,,,,,"05000US51125",,"Nelson County, Virginia",6381,4715,96,675,2500,668,0,711,0,34,31,1666,109,96,944,221,0,285,0,11,0,"Nelson County, Virginia",310,291,59,167,287,179,19,163,19,34,30,244,96,58,202,113,19,103,19,23,19
"G5101270","2010-2014","VA",,,"Virginia","51","New Kent County","127",,,,,,,,,,,,,,,,,,,,,,,,,,,,"05000US51127",,"New Kent County, Virginia",7106,6253,388,465,4837,271,0,225,0,51,16,853,54,24,656,78,0,41,0,0,0,"New Kent County, Virginia",218,310,120,143,310,88,19,98,19,76,26,220,59,31,170,63,19,60,19,19,19
"G5101310","2010-2014","VA",,,"Virginia","51","Northampton County","131",,,,,,,,,,,,,,,,,,,,,,,,,,,,"05000US51131",,"Northampton County, Virginia",5237,3662,7,691,1844,945,12,152,1,10,0,1575,19,200,983,363,0,7,0,3,0,"Northampton County, Virginia",244,229,7,129,211,172,23,91,3,8,19,186,26,78,155,120,19,10,19,5,19
"G5101330","2010-2014","VA",,,"Virginia","51","Northumberland County","133",,,,,,,,,,,,,,,,,,,,,,,,,,,,"05000US51133",,"Northumberland County, Virginia",5669,4730,81,656,2811,896,0,180,12,71,23,939,25,75,654,165,0,20,0,0,0,"Northumberland County, Virginia",306,273,47,125,296,181,19,81,20,55,28,241,40,72,201,99,19,24,19,19,19
"G5101350","2010-2014","VA",,,"Virginia","51","Nottoway County","135",,,,,,,,,,,,,,,,,,,,,,,,,,,,"05000US51135",,"Nottoway County, Virginia",5640,3609,107,639,1584,965,0,301,0,0,13,2031,64,304,1200,349,0,65,0,16,33,"Nottoway County, Virginia",220,258,76,139,244,218,19,106,19,19,18,280,90,153,211,152,19,50,19,25,52
"G5101370","2010-2014","VA",,,"Virginia","51","Orange County","137",,,,,,,,,,,,,,,,,,,,,,,,,,,,"05000US51137",,"Orange County, Virginia",12433,9543,402,1223,5991,1175,16,671,0,48,17,2890,250,261,1882,300,0,180,0,0,17,"Orange County, Virginia",361,432,110,227,434,229,24,174,25,39,27,353,109,111,308,106,25,115,25,25,28
"G5101390","2010-2014","VA",,,"Virginia","51","Page County","139",,,,,,,,,,,,,,,,,,,,,,,,,,,,"05000US51139",,"Page County, Virginia",9526,6764,78,1053,3221,1460,33,867,0,33,19,2762,38,324,1622,481,0,276,0,4,17,"Page County, Virginia",306,393,46,175,315,188,36,161,22,36,19,357,31,101,275,160,22,136,22,8,22
"G5101410","2010-2014","VA",,,"Virginia","51","Patrick County","141",,,,,,,,,,,,,,,,,,,,,,,,,,,,"05000US51141",,"Patrick County, Virginia",7678,5840,46,597,3281,798,0,1050,11,0,57,1838,37,212,1132,328,0,124,0,0,5,"Patrick County, Virginia",354,291,42,166,300,174,19,208,18,19,44,251,53,96,217,134,19,71,19,19,9
"G5101430","2010-2014","VA",,,"Virginia","51","Pittsylvania County","143",,,,,,,,,,,,,,,,,,,,,,,,,,,,"05000US51143",,"Pittsylvania County, Virginia",26029,20420,954,3226,12450,2233,0,1405,0,51,101,5609,248,621,3616,653,28,443,0,0,0,"Pittsylvania County, Virginia",528,494,155,314,546,271,28,216,28,37,52,464,108,157,400,147,26,122,28,28,28
"G5101450","2010-2014","VA",,,"Virginia","51","Powhatan County","145",,,,,,,,,,,,,,,,,,,,,,,,,,,,"05000US51145",,"Powhatan County, Virginia",9590,8425,178,616,6885,291,0,436,0,7,12,1165,13,53,887,89,0,116,7,0,0,"Powhatan County, Virginia",247,289,67,162,325,109,22,125,22,12,18,230,20,47,198,60,22,70,17,22,22
"G5101470","2010-2014","VA",,,"Virginia","51","Prince Edward County","147",,,,,,,,,,,,,,,,,,,,,,,,,,,,"05000US51147",,"Prince Edward County, Virginia",7604,5021,60,875,2753,634,0,655,0,27,17,2583,48,124,1826,397,0,188,0,0,0,"Prince Edward County, Virginia",362,274,43,225,288,137,22,173,22,29,21,425,39,58,361,147,22,125,22,22,22
"G5101490","2010-2014","VA",,,"Virginia","51","Prince George County","149",,,,,,,,,,,,,,,,,,,,,,,,,,,,"05000US51149",,"Prince George County, Virginia",10906,7683,644,876,5512,300,0,301,0,11,39,3223,564,32,2526,62,0,36,0,0,3,"Prince George County, Virginia",364,311,147,202,331,101,25,102,25,18,34,367,184,38,309,67,25,33,25,25,7
"G5101530","2010-2014","VA",,,"Virginia","51","Prince William County","153",,,,,,,,,,,,,,,,,,,,,,,,,,,,"05000US51153",,"Prince William County, Virginia",134737,96757,58998,2874,30663,3194,23,771,0,155,79,37980,16882,398,20213,242,15,96,0,17,117,"Prince William County, Virginia",810,1381,1106,328,987,321,27,149,28,89,50,1096,834,130,904,83,32,87,28,19,59
"G5101550","2010-2014","VA",,,"Virginia","51","Pulaski County","155",,,,,,,,,,,,,,,,,,,,,,,,,,,,"05000US51155",,"Pulaski County, Virginia",15125,11036,996,370,7324,1330,0,899,0,28,89,4089,471,43,2962,450,0,157,0,6,0,"Pulaski County, Virginia",331,434,173,119,409,216,25,160,25,37,66,331,172,42,318,158,25,73,25,9,25
"G5101570","2010-2014","VA",,,"Virginia","51","Rappahannock County","157",,,,,,,,,,,,,,,,,,,,,,,,,,,,"05000US51157",,"Rappahannock County, Virginia",3281,2600,56,679,893,503,0,464,0,5,0,681,41,87,318,78,0,149,0,8,0,"Rappahannock County, Virginia",144,156,41,115,138,133,17,126,17,10,17,134,39,48,89,47,17,78,17,12,17
"G5101590","2010-2014","VA",,,"Virginia","51","Richmond County","159",,,,,,,,,,,,,,,,,,,,,,,,,,,,"05000US51159",,"Richmond County, Virginia",2800,2122,9,197,1293,532,0,50,0,41,0,678,16,18,414,188,0,13,15,3,11,"Richmond County, Virginia",400,341,14,79,243,209,17,45,17,63,17,148,26,65,112,84,17,21,23,5,14
"G5101610","2010-2014","VA",,,"Virginia","51","Roanoke County","161",,,,,,,,,,,,,,,,,,,,,,,,,,,,"05000US51161",,"Roanoke County, Virginia",38197,28749,13606,897,10996,2289,16,851,0,44,50,9448,2888,134,5766,416,0,184,0,17,43,"Roanoke County, Virginia",401,550,538,182,537,308,25,167,28,33,49,539,355,100,484,173,28,131,28,27,43
"G5101630","2010-2014","VA",,,"Virginia","51","Rockbridge County","163",,,,,,,,,,,,,,,,,,,,,,,,,,,,"05000US51163",,"Rockbridge County, Virginia",9226,6928,468,1130,2753,1124,0,1403,29,21,0,2298,163,220,1049,386,0,405,0,63,12,"Rockbridge County, Virginia",313,337,126,190,309,187,22,229,35,30,22,344,87,110,230,127,22,187,22,79,19
"G5101650","2010-2014","VA",,,"Virginia","51","Rockingham County","165",,,,,,,,,,,,,,,,,,,,,,,,,,,,"05000US51165",,"Rockingham County, Virginia",29483,22529,583,2825,12258,3811,52,2827,0,89,84,6954,219,674,4542,1069,0,368,0,67,15,"Rockingham County, Virginia",480,549,116,306,511,342,42,310,28,43,53,438,109,189,378,217,28,96,28,42,19
"G5101670","2010-2014","VA",,,"Virginia","51","Russell County","167",,,,,,,,,,,,,,,,,,,,,,,,,,,,"05000US51167",,"Russell County, Virginia",11037,8599,108,273,6754,803,109,465,31,26,30,2438,65,80,1849,314,60,65,0,0,5,"Russell County, Virginia",362,393,69,95,465,202,62,163,43,18,23,335,67,67,308,125,67,39,22,22,5
"G5101690","2010-2014","VA",,,"Virginia","51","Scott County","169",,,,,,,,,,,,,,,,,,,,,,,,,,,,"05000US51169",,"Scott County, Virginia",9363,7361,31,265,6086,296,118,523,0,39,3,2002,8,49,1626,124,0,163,0,12,20,"Scott County, Virginia",287,276,46,76,301,71,67,140,22,40,5,238,12,35,220,65,22,62,22,13,20
"G5101710","2010-2014","VA",,,"Virginia","51","Shenandoah County","171",,,,,,,,,,,,,,,,,,,,,,,,,,,,"05000US51171",,"Shenandoah County, Virginia",17246,12381,1006,1932,5386,2106,10,1756,11,135,39,4865,254,417,3359,459,0,327,10,25,14,"Shenandoah County, Virginia",293,405,203,206,428,251,15,224,17,68,37,419,99,144,395,105,25,124,16,32,17
"G5101730","2010-2014","VA",,,"Virginia","51","Smyth County","173",,,,,,,,,,,,,,,,,,,,,,,,,,,,"05000US51173",,"Smyth County, Virginia",12852,8946,688,374,5101,1722,6,1002,0,25,28,3906,303,60,2683,543,9,284,0,13,11,"Smyth County, Virginia",300,326,126,127,323,202,9,152,25,24,25,285,91,47,237,162,15,122,25,20,19
"G5101750","2010-2014","VA",,,"Virginia","51","Southampton County","175",,,,,,,,,,,,,,,,,,,,,,,,,,,,"05000US51175",,"Southampton County, Virginia",6654,4777,85,921,3129,507,2,103,5,18,7,1877,26,220,1328,215,0,87,0,0,1,"Southampton County, Virginia",261,249,37,145,244,109,3,41,8,17,10,245,26,77,201,80,19,50,19,19,2
"G5101770","2010-2014","VA",,,"Virginia","51","Spotsylvania County","177",,,,,,,,,,,,,,,,,,,,,,,,,,,,"05000US51177",,"Spotsylvania County, Virginia",42280,32204,9594,3077,17061,1324,0,982,0,81,85,10076,2295,407,6751,250,0,125,20,145,83,"Spotsylvania County, Virginia",531,792,455,325,825,230,28,201,28,57,56,601,301,153,572,110,28,83,28,114,98
"G5101790","2010-2014","VA",,,"Virginia","51","Stafford County","179",,,,,,,,,,,,,,,,,,,,,,,,,,,,"05000US51179",,"Stafford County, Virginia",42763,32769,10681,3044,17079,1261,8,483,0,124,89,9994,2214,306,7034,251,0,134,0,18,37,"Stafford County, Virginia",544,562,492,308,594,194,12,129,28,73,75,511,310,93,482,118,28,105,28,24,38
"G5101810","2010-2014","VA",,,"Virginia","51","Surry County","181",,,,,,,,,,,,,,,,,,,,,,,,,,,,"05000US51181",,"Surry County, Virginia",2652,2088,23,395,1354,201,0,105,0,10,0,564,8,72,421,30,0,12,0,17,4,"Surry County, Virginia",142,150,24,99,164,79,17,51,17,15,17,159,12,45,138,18,17,16,17,24,5
"G5101830","2010-2014","VA",,,"Virginia","51","Sussex County","183",,,,,,,,,,,,,,,,,,,,,,,,,,,,"05000US51183",,"Sussex County, Virginia",3261,2124,64,459,1244,277,0,80,0,0,0,1137,16,80,852,151,0,10,0,27,1,"Sussex County, Virginia",517,308,39,101,232,82,19,48,19,19,19,280,27,57,260,31,19,12,19,36,2
"G5101850","2010-2014","VA",,,"Virginia","51","Tazewell County","185",,,,,,,,,,,,,,,,,,,,,,,,,,,,"05000US51185",,"Tazewell County, Virginia",18306,13447,682,1013,9309,1025,314,1016,0,14,74,4859,213,259,3893,297,26,155,0,0,16,"Tazewell County, Virginia",380,377,244,201,476,228,109,208,25,23,58,401,147,104,368,91,26,77,25,25,25
"G5101870","2010-2014","VA",,,"Virginia","51","Warren County","187",,,,,,,,,,,,,,,,,,,,,,,,,,,,"05000US51187",,"Warren County, Virginia",14324,10708,267,1997,6017,1492,0,837,0,62,36,3616,111,219,2594,412,0,280,0,0,0,"Warren County, Virginia",341,426,94,289,420,269,25,211,25,49,54,367,82,99,360,126,25,129,25,25,25
"G5101910","2010-2014","VA",,,"Virginia","51","Washington County","191",,,,,,,,,,,,,,,,,,,,,,,,,,,,"05000US51191",,"Washington County, Virginia",22842,17600,1656,751,12652,1101,70,1265,0,47,58,5242,320,145,4358,231,0,161,0,7,20,"Washington County, Virginia",359,447,186,179,510,163,53,216,28,32,51,404,126,62,375,96,28,75,28,13,22
"G5101930","2010-2014","VA",,,"Virginia","51","Westmoreland County","193",,,,,,,,,,,,,,,,,,,,,,,,,,,,"05000US51193",,"Westmoreland County, Virginia",6981,5381,82,255,3645,1171,0,193,0,35,0,1600,0,28,1298,203,0,71,0,0,0,"Westmoreland County, Virginia",362,355,59,86,327,197,19,81,19,43,19,301,19,27,240,123,19,47,19,19,19
"G5101950","2010-2014","VA",,,"Virginia","51","Wise County","195",,,,,,,,,,,,,,,,,,,,,,,,,,,,"05000US51195",,"Wise County, Virginia",15517,10739,158,281,9139,574,128,387,3,42,27,4778,64,47,4220,265,19,124,0,6,33,"Wise County, Virginia",343,402,74,77,405,150,49,116,6,27,28,349,66,44,344,105,18,61,25,8,37
"G5101970","2010-2014","VA",,,"Virginia","51","Wythe County","197",,,,,,,,,,,,,,,,,,,,,,,,,,,,"05000US51197",,"Wythe County, Virginia",11984,8485,623,259,5083,1457,3,979,0,35,46,3499,373,98,2217,565,22,217,0,5,2,"Wythe County, Virginia",368,399,147,86,395,227,4,232,22,36,41,425,137,78,334,190,37,90,22,7,3
"G5101990","2010-2014","VA",,,"Virginia","51","York County","199",,,,,,,,,,,,,,,,,,,,,,,,,,,,"05000US51199",,"York County, Virginia",23970,17619,9825,360,5885,1315,0,192,0,20,22,6351,2495,97,3561,143,0,28,0,6,21,"York County, Virginia",372,405,491,94,463,207,28,81,28,23,26,446,254,55,379,72,28,31,28,10,30
"G5105100","2010-2014","VA",,,"Virginia","51","Alexandria city","510",,,,,,,,,,,,,,,,,,,,,,,,,,,,"05000US51510",,"Alexandria city, Virginia",65916,28146,16818,207,10547,447,0,16,0,89,22,37770,17034,544,19154,510,0,29,31,213,255,"Alexandria city, Virginia",754,828,629,76,565,113,28,15,28,68,20,936,629,145,927,164,28,46,29,87,85
"G5105200","2010-2014","VA",,,"Virginia","51","Bristol city","520",,,,,,,,,,,,,,,,,,,,,,,,,,,,"05000US51520",,"Bristol city, Virginia",7764,4292,1339,104,2672,105,7,35,0,0,30,3472,699,63,2563,60,0,0,0,11,76,"Bristol city, Virginia",254,300,203,73,267,60,12,28,19,19,32,331,243,50,294,51,19,19,19,18,49
"G5105300","2010-2014","VA",,,"Virginia","51","Buena Vista city","530",,,,,,,,,,,,,,,,,,,,,,,,,,,,"05000US51530",,"Buena Vista city, Virginia",2741,1757,892,6,624,9,0,226,0,0,0,984,196,78,532,68,0,110,0,0,0,"Buena Vista city, Virginia",121,192,170,12,149,16,17,149,17,17,17,198,96,66,156,76,17,83,17,17,17
"G5105400","2010-2014","VA",,,"Virginia","51","Charlottesville city","540",,,,,,,,,,,,,,,,,,,,,,,,,,,,"05000US51540",,"Charlottesville city, Virginia",17604,7329,4769,57,2225,146,0,98,0,0,34,10275,3446,111,6544,100,0,18,0,11,45,"Charlottesville city, Virginia",362,340,313,37,252,68,25,56,25,25,23,452,340,56,446,61,25,19,25,19,33
"G5105500","2010-2014","VA",,,"Virginia","51","Chesapeake city","550",,,,,,,,,,,,,,,,,,,,,,,,,,,,"05000US51550",,"Chesapeake city, Virginia",80388,57644,27660,1067,26004,1973,0,432,0,277,231,22744,5645,299,16361,270,0,43,0,61,65,"Chesapeake city, Virginia",786,922,780,215,940,272,28,155,28,100,103,862,532,129,786,92,28,45,28,67,46
"G5105700","2010-2014","VA",,,"Virginia","51","Colonial Heights city","570",,,,,,,,,,,,,,,,,,,,,,,,,,,,"05000US51570",,"Colonial Heights city, Virginia",7025,4542,1765,26,2458,223,15,25,0,11,19,2483,655,11,1755,62,0,0,0,0,0,"Colonial Heights city, Virginia",156,191,175,24,201,83,23,27,19,21,23,203,120,17,182,49,19,19,19,19,19
"G5105800","2010-2014","VA",,,"Virginia","51","Covington city","580",,,,,,,,,,,,,,,,,,,,,,,,,,,,"05000US51580",,"Covington city, Virginia",2468,1853,1232,14,377,73,5,152,0,0,0,615,344,36,193,33,0,9,0,0,0,"Covington city, Virginia",121,140,141,18,116,46,8,90,17,17,17,121,87,41,88,32,17,14,17,17,17
"G5105900","2010-2014","VA",,,"Virginia","51","Danville city","590",,,,,,,,,,,,,,,,,,,,,,,,,,,,"05000US51590",,"Danville city, Virginia",18520,10023,6325,209,2949,469,0,43,0,28,0,8497,3181,93,5044,105,0,41,0,9,24,"Danville city, Virginia",411,401,340,67,292,106,25,34,25,29,25,473,352,43,380,54,25,35,25,14,22
"G5105950","2010-2014","VA",,,"Virginia","51","Emporia city","595",,,,,,,,,,,,,,,,,,,,,,,,,,,,"05000US51595",,"Emporia city, Virginia",2420,951,20,197,558,145,0,31,0,0,0,1469,0,70,1171,168,0,46,0,0,14,"Emporia city, Virginia",168,141,28,86,111,56,17,31,17,17,17,149,17,40,169,105,17,45,17,17,26
"G5106000","2010-2014","VA",,,"Virginia","51","Fairfax city","600",,,,,,,,,,,,,,,,,,,,,,,,,,,,"05000US51600",,"Fairfax city, Virginia",8480,5944,4175,90,1131,520,0,0,0,28,0,2536,1292,16,1083,145,0,0,0,0,0,"Fairfax city, Virginia",141,237,274,60,180,109,22,22,22,32,22,239,187,19,178,68,22,22,22,22,22
"G5106100","2010-2014","VA",,,"Virginia","51","Falls Church city","610",,,,,,,,,,,,,,,,,,,,,,,,,,,,"05000US51610",,"Falls Church city, Virginia",4966,2933,2162,45,667,40,0,0,0,11,8,2033,905,41,1036,34,0,0,0,17,0,"Falls Church city, Virginia",180,207,184,43,171,35,19,19,19,17,12,209,171,48,162,31,19,19,19,28,19
"G5106200","2010-2014","VA",,,"Virginia","51","Franklin city","620",,,,,,,,,,,,,,,,,,,,,,,,,,,,"05000US51620",,"Franklin city, Virginia",3580,1559,83,107,1040,272,0,57,0,0,0,2021,141,131,1532,162,0,21,0,0,34,"Franklin city, Virginia",153,184,62,66,169,107,17,62,17,17,17,228,100,94,238,83,17,29,17,17,39
"G5106300","2010-2014","VA",,,"Virginia","51","Fredericksburg city","630",,,,,,,,,,,,,,,,,,,,,,,,,,,,"05000US51630",,"Fredericksburg city, Virginia",9849,3561,2316,80,986,175,0,4,0,0,0,6288,2169,152,3796,96,0,0,0,31,44,"Fredericksburg city, Virginia",380,291,238,66,199,74,22,8,22,22,22,372,274,75,331,56,22,22,22,34,44
"G5106400","2010-2014","VA",,,"Virginia","51","Galax city","640",,,,,,,,,,,,,,,,,,,,,,,,,,,,"05000US51640",,"Galax city, Virginia",2968,1757,16,28,854,659,0,192,0,8,0,1211,0,11,938,220,0,42,0,0,0,"Galax city, Virginia",187,180,13,31,140,161,17,81,17,12,17,196,17,18,192,115,17,48,17,17,17
"G5106500","2010-2014","VA",,,"Virginia","51","Hampton city","650",,,,,,,,,,,,,,,,,,,,,,,,,,,,"05000US51650",,"Hampton city, Virginia",52700,30968,20299,251,9224,974,16,118,0,48,38,21732,8472,171,12812,135,0,32,0,42,68,"Hampton city, Virginia",724,689,629,87,616,181,23,83,28,41,30,789,583,76,704,71,28,37,28,57,51
"G5106600","2010-2014","VA",,,"Virginia","51","Harrisonburg city","660",,,,,,,,,,,,,,,,,,,,,,,,,,,,"05000US51660",,"Harrisonburg city, Virginia",15881,5671,1454,167,3109,743,0,198,0,0,0,10210,1462,82,7903,606,0,61,0,56,40,"Harrisonburg city, Virginia",356,338,201,79,328,124,28,95,28,28,28,452,222,63,475,198,28,58,28,83,37
"G5106700","2010-2014","VA",,,"Virginia","51","Hopewell city","670",,,,,,,,,,,,,,,,,,,,,,,,,,,,"05000US51670",,"Hopewell city, Virginia",8774,4634,1527,30,2662,409,0,0,0,6,0,4140,678,56,3282,88,0,0,0,0,36,"Hopewell city, Virginia",277,302,247,30,268,125,22,22,22,10,22,341,197,58,313,73,22,22,22,22,34
"G5106780","2010-2014","VA",,,"Virginia","51","Lexington city","678",,,,,,,,,,,,,,,,,,,,,,,,,,,,"05000US51678",,"Lexington city, Virginia",1727,936,654,5,241,28,0,8,0,0,0,791,293,11,459,28,0,0,0,0,0,"Lexington city, Virginia",847,419,296,11,135,34,17,28,17,17,17,470,221,20,278,46,17,17,17,17,17
"G5106800","2010-2014","VA",,,"Virginia","51","Lynchburg city","680",,,,,,,,,,,,,,,,,,,,,,,,,,,,"05000US51680",,"Lynchburg city, Virginia",28424,14795,4349,281,8358,1444,0,306,21,13,23,13629,2333,189,10448,574,0,17,0,34,34,"Lynchburg city, Virginia",556,488,352,90,436,200,28,112,34,16,26,624,335,79,572,147,28,25,28,45,24
"G5106830","2010-2014","VA",,,"Virginia","51","Manassas city","683",,,,,,,,,,,,,,,,,,,,,,,,,,,,"05000US51683",,"Manassas city, Virginia",12274,7936,3860,101,3878,75,0,11,0,0,11,4338,1089,66,3109,58,0,0,0,0,16,"Manassas city, Virginia",286,387,350,68,355,60,25,17,25,25,17,380,255,59,294,56,25,25,25,25,28
"G5106850","2010-2014","VA",,,"Virginia","51","Manassas Park city","685",,,,,,,,,,,,,,,,,,,,,,,,,,,,"05000US51685",,"Manassas Park city, Virginia",4526,2893,2222,9,631,0,0,10,0,0,21,1633,1015,87,531,0,0,0,0,0,0,"Manassas Park city, Virginia",176,244,226,14,143,19,19,17,19,19,39,220,219,73,140,19,19,19,19,19,19
"G5106900","2010-2014","VA",,,"Virginia","51","Martinsville city","690",,,,,,,,,,,,,,,,,,,,,,,,,,,,"05000US51690",,"Martinsville city, Virginia",5974,3283,1546,148,1020,536,0,15,0,12,6,2691,690,23,1674,250,0,8,0,36,10,"Martinsville city, Virginia",231,230,206,73,170,117,19,23,19,19,9,269,170,32,243,98,19,15,19,40,18
"G5107000","2010-2014","VA",,,"Virginia","51","Newport News city","700",,,,,,,,,,,,,,,,,,,,,,,,,,,,"05000US51700",,"Newport News city, Virginia",68987,34930,19681,291,12998,1832,0,95,0,12,21,34057,8330,112,24928,358,0,42,10,147,130,"Newport News city, Virginia",901,786,673,83,720,248,28,67,28,12,29,1026,637,59,1031,142,28,37,15,82,69
"G5107100","2010-2014","VA",,,"Virginia","51","Norfolk city","710",,,,,,,,,,,,,,,,,,,,,,,,,,,,"05000US51710",,"Norfolk city, Virginia",86397,37731,20841,374,13144,2943,17,263,0,78,71,48666,14670,225,31991,1055,0,95,14,214,402,"Norfolk city, Virginia",1112,664,575,88,574,295,22,104,28,45,38,1030,685,68,940,178,28,47,23,70,100
"G5107200","2010-2014","VA",,,"Virginia","51","Norton city","720",,,,,,,,,,,,,,,,,,,,,,,,,,,,"05000US51720",,"Norton city, Virginia",1655,878,20,10,717,96,0,27,0,0,8,777,22,0,739,0,0,0,0,0,16,"Norton city, Virginia",136,189,27,16,154,66,12,27,12,12,13,169,35,12,160,12,12,12,12,12,25
"G5107300","2010-2014","VA",,,"Virginia","51","Petersburg city","730",,,,,,,,,,,,,,,,,,,,,,,,,,,,"05000US51730",,"Petersburg city, Virginia",12515,5583,2486,65,2578,386,0,30,15,0,23,6932,1438,170,5038,175,16,0,0,28,67,"Petersburg city, Virginia",300,343,252,40,301,104,25,24,24,25,26,361,171,75,387,80,25,25,25,40,51
"G5107350","2010-2014","VA",,,"Virginia","51","Poquoson city","735",,,,,,,,,,,,,,,,,,,,,,,,,,,,"05000US51735",,"Poquoson city, Virginia",4627,3763,1475,46,1731,421,0,76,0,14,0,864,318,22,507,17,0,0,0,0,0,"Poquoson city, Virginia",76,187,168,51,219,110,19,40,19,22,19,167,102,26,158,19,19,19,19,19,19
"G5107400","2010-2014","VA",,,"Virginia","51","Portsmouth city","740",,,,,,,,,,,,,,,,,,,,,,,,,,,,"05000US51740",,"Portsmouth city, Virginia",36764,20528,12957,265,6535,669,0,73,0,13,16,16236,6247,151,9632,100,0,23,0,43,40,"Portsmouth city, Virginia",677,572,571,83,527,149,28,46,28,15,19,631,498,61,519,57,28,39,28,47,49
"G5107500","2010-2014","VA",,,"Virginia","51","Radford city","750",,,,,,,,,,,,,,,,,,,,,,,,,,,,"05000US51750",,"Radford city, Virginia",5333,2518,1164,14,1043,285,0,12,0,0,0,2815,445,0,2288,46,0,0,13,0,23,"Radford city, Virginia",342,224,224,17,180,117,19,17,19,19,19,344,153,19,303,36,19,19,22,19,38
"G5107600","2010-2014","VA",,,"Virginia","51","Richmond city","760",,,,,,,,,,,,,,,,,,,,,,,,,,,,"05000US51760",,"Richmond city, Virginia",85913,36704,18337,279,11910,5760,28,102,12,183,93,49209,19095,439,27903,1176,6,36,14,200,340,"Richmond city, Virginia",1272,776,626,92,624,459,25,54,21,129,61,1316,881,127,1068,219,10,32,16,79,112
"G5107700","2010-2014","VA",,,"Virginia","51","Roanoke city","770",,,,,,,,,,,,,,,,,,,,,,,,,,,,"05000US51770",,"Roanoke city, Virginia",42549,23204,13871,211,6419,2402,0,219,0,64,18,19345,7163,204,11234,636,0,0,0,57,51,"Roanoke city, Virginia",604,691,554,117,558,276,28,106,28,59,22,746,605,109,695,185,28,28,28,41,38
"G5107750","2010-2014","VA",,,"Virginia","51","Salem city","775",,,,,,,,,,,,,,,,,,,,,,,,,,,,"05000US51775",,"Salem city, Virginia",9953,6709,4287,79,1882,386,0,75,0,0,0,3244,1074,41,1920,92,0,47,0,28,42,"Salem city, Virginia",256,284,270,57,239,111,22,57,22,22,22,283,197,42,229,84,22,68,22,43,36
"G5107900","2010-2014","VA",,,"Virginia","51","Staunton city","790",,,,,,,,,,,,,,,,,,,,,,,,,,,,"05000US51790",,"Staunton city, Virginia",10503,6076,4001,170,1489,206,0,180,0,20,10,4427,1659,177,2527,36,0,15,0,13,0,"Staunton city, Virginia",297,296,272,85,210,79,22,80,22,31,18,345,284,111,296,35,22,18,22,16,22
"G5108000","2010-2014","VA",,,"Virginia","51","Suffolk city","800",,,,,,,,,,,,,,,,,,,,,,,,,,,,"05000US51800",,"Suffolk city, Virginia",30798,22044,9697,1654,8925,1440,9,223,0,47,49,8754,1655,284,6360,350,0,33,10,15,47,"Suffolk city, Virginia",392,592,489,214,501,193,14,72,28,32,29,499,309,111,429,115,28,27,15,22,49
"G5108100","2010-2014","VA",,,"Virginia","51","Virginia Beach city","810",,,,,,,,,,,,,,,,,,,,,,,,,,,,"05000US51810",,"Virginia Beach city, Virginia",165296,105999,43380,1037,56136,4437,0,413,10,354,232,59297,13337,452,44504,639,0,119,0,44,202,"Virginia Beach city, Virginia",936,1268,989,172,1140,350,28,119,16,130,85,1214,765,119,1135,175,28,61,28,39,89
"G5108200","2010-2014","VA",,,"Virginia","51","Waynesboro city","820",,,,,,,,,,,,,,,,,,,,,,,,,,,,"05000US51820",,"Waynesboro city, Virginia",8878,5106,3238,189,1341,180,0,110,0,48,0,3772,1633,249,1752,58,0,63,0,17,0,"Waynesboro city, Virginia",264,356,333,81,233,95,22,74,22,50,22,373,312,112,261,51,22,75,22,19,22
"G5108300","2010-2014","VA",,,"Virginia","51","Williamsburg city","830",,,,,,,,,,,,,,,,,,,,,,,,,,,,"05000US51830",,"Williamsburg city, Virginia",4365,2023,1102,17,673,223,0,8,0,0,0,2342,846,14,1349,109,0,0,0,0,24,"Williamsburg city, Virginia",260,160,134,17,120,75,19,13,19,19,19,279,183,20,218,54,19,19,19,19,25
"G5108400","2010-2014","VA",,,"Virginia","51","Winchester city","840",,,,,,,,,,,,,,,,,,,,,,,,,,,,"05000US51840",,"Winchester city, Virginia",10692,5095,2435,48,1867,655,0,81,0,0,9,5597,1945,154,3179,264,13,13,0,11,18,"Winchester city, Virginia",336,275,228,45,219,127,22,57,22,22,18,408,267,108,379,114,20,19,22,17,24
